{"cameraMode":{"drawMode":0,"name":"Shaded","section":"Shading Mode"},"sceneLighting":false,"audioPlay":false,"sceneViewState":{"showFog":false,"showMaterialUpdate":false,"showSkybox":false,"showFlares":false,"showImageEffects":false,"showParticleSystems":true},"in2DMode":false,"pivot":{"x":0.3279123306274414,"y":0.6870449781417847,"z":-0.3706343173980713},"rotation":{"x":0.2287956327199936,"y":-0.5326427221298218,"z":0.15224286913871766,"w":0.8004788756370544},"size":1.9554970264434815,"orthographic":false}