{"cameraMode":{"drawMode":0,"name":"Shaded","section":"Shading Mode"},"sceneLighting":false,"audioPlay":false,"sceneViewState":{"showFog":false,"showMaterialUpdate":false,"showSkybox":false,"showFlares":false,"showImageEffects":false,"showParticleSystems":true},"in2DMode":false,"pivot":{"x":-0.6972126960754395,"y":0.4472360610961914,"z":4.257607936859131},"rotation":{"x":-0.2656586766242981,"y":0.5894214510917664,"z":-0.21382082998752595,"w":-0.7323172688484192},"size":7.109264373779297,"orthographic":false}