{"cameraMode":{"drawMode":0,"name":"Shaded","section":"Shading Mode"},"sceneLighting":false,"audioPlay":false,"sceneViewState":{"showFog":false,"showMaterialUpdate":false,"showSkybox":false,"showFlares":false,"showImageEffects":false,"showParticleSystems":true},"in2DMode":false,"pivot":{"x":0.6901842355728149,"y":0.5441700220108032,"z":-0.06246918439865112},"rotation":{"x":0.1726127713918686,"y":0.7187755703926086,"z":-0.192219078540802,"w":0.6454598903656006},"size":2.874715805053711,"orthographic":false}